BatterTeam,Batter,BatterSide,PitchType,PitcherThrows,BatterScore,#ofPitches
GEO_BUL,"Anderson, Ben",Left,VS Left Fastball,,54.58,19
GEO_BUL,"Anderson, Ben",Left,VS Left Slider/Cutter,,52.07,5
GEO_BUL,"Anderson, Ben",Left,VS Right ChangeUp/Splitter,,31.89,3
GEO_BUL,"Anderson, Ben",Left,VS Right Fastball,,55.44,30
GEO_BUL,"Anderson, Ben",Left,VS Right Curveball,,48,3
GEO_BUL,"Anderson, Ben",Left,VS Right Slider/Cutter,,41.02,5
GEO_BUL,"Anderson, Ben",Left,VS Left ChangeUp/Splitter,,34.1,2
GEO_BUL,"Tate, Connor",Right,VS Left ChangeUp/Splitter,,54.3,14
GEO_BUL,"Tate, Connor",Right,VS Left Curveball,,36.45,1
GEO_BUL,"Tate, Connor",Right,VS Left Fastball,,40.63,12
GEO_BUL,"Tate, Connor",Right,VS Left Slider/Cutter,,60.55,4
GEO_BUL,"Tate, Connor",Right,VS Right ChangeUp/Splitter,,22.22,3
GEO_BUL,"Tate, Connor",Right,VS Right Fastball,,55.39,19
GEO_BUL,"Tate, Connor",Right,VS Right Slider/Cutter,,48.55,15
GEO_BUL,"Condon, Charlie",Right,VS Left Curveball,,58.89,2
GEO_BUL,"Condon, Charlie",Right,VS Left Fastball,,52.43,15
GEO_BUL,"Condon, Charlie",Right,VS Left Slider/Cutter,,72.69,5
GEO_BUL,"Condon, Charlie",Right,VS Left ChangeUp/Splitter,,46.21,8
GEO_BUL,"Condon, Charlie",Right,VS Right ChangeUp/Splitter,,45.68,4
GEO_BUL,"Condon, Charlie",Right,VS Right Fastball,,41.38,19
GEO_BUL,"Condon, Charlie",Right,VS Right Slider/Cutter,,51.92,10
AUB_TIG,"Howell, Kason",Right,VS Right Fastball,,54.91,122
AUB_TIG,"Howell, Kason",Right,VS Right ChangeUp/Splitter,,54.59,10
AUB_TIG,"Howell, Kason",Right,VS Right Slider/Cutter,,44.88,76
AUB_TIG,"Howell, Kason",Right,VS Left Fastball,,52.65,34
AUB_TIG,"Howell, Kason",Right,VS Left Slider/Cutter,,51.63,25
AUB_TIG,"Howell, Kason",Right,VS Left ChangeUp/Splitter,,56.59,14
AUB_TIG,"Howell, Kason",Right,VS Right Curveball,,45.11,8
AUB_TIG,"Howell, Kason",Right,VS Both Fastball,,21.63,2
AUB_TIG,"Howell, Kason",Right,VS Both Slider/Cutter,,48.75,2
AUB_TIG,"Howell, Kason",Right,VS Left Curveball,,23.19,1
AUB_TIG,"Foster, Cole",Left,VS Right Slider/Cutter,,50.45,35
AUB_TIG,"Foster, Cole",Left,VS Right Fastball,,52.07,148
AUB_TIG,"Foster, Cole",Left,VS Right ChangeUp/Splitter,,48.16,44
AUB_TIG,"Foster, Cole",Left,VS Left Fastball,,49,44
AUB_TIG,"Foster, Cole",Left,VS Left Slider/Cutter,,56.77,17
AUB_TIG,"Foster, Cole",Left,VS Left ChangeUp/Splitter,,48.01,23
AUB_TIG,"Foster, Cole",Left,VS Left Curveball,,59.84,3
AUB_TIG,"Foster, Cole",Left,VS Right Curveball,,43.81,9
AUB_TIG,"Foster, Cole",Left,VS Both Fastball,,47.05,15
AUB_TIG,"Foster, Cole",Left,VS Both ChangeUp/Splitter,,75,2
AUB_TIG,"Ware, Bryson",Right,VS Right Slider/Cutter,,52.12,91
AUB_TIG,"Ware, Bryson",Right,VS Right Fastball,,51.11,107
AUB_TIG,"Ware, Bryson",Right,VS Right Curveball,,38,6
AUB_TIG,"Ware, Bryson",Right,VS Left Slider/Cutter,,58.37,18
AUB_TIG,"Ware, Bryson",Right,VS Left Fastball,,56.17,42
AUB_TIG,"Ware, Bryson",Right,VS Left ChangeUp/Splitter,,43.81,22
AUB_TIG,"Ware, Bryson",Right,VS Left Curveball,,31.27,5
AUB_TIG,"Ware, Bryson",Right,VS Right ChangeUp/Splitter,,50.56,8
AUB_TIG,"Ware, Bryson",Right,VS Right Undefined,,100,1
AUB_TIG,"Ware, Bryson",Right,VS Both Slider/Cutter,,12.5,3
AUB_TIG,"Ware, Bryson",Right,VS Both Fastball,,79.81,5
GEO_BUL,"Harber, Parks",Right,VS Left Curveball,,11.45,2
GEO_BUL,"Harber, Parks",Right,VS Left ChangeUp/Splitter,,49.03,11
GEO_BUL,"Harber, Parks",Right,VS Left Fastball,,35.09,11
GEO_BUL,"Harber, Parks",Right,VS Left Slider/Cutter,,72.62,4
GEO_BUL,"Harber, Parks",Right,VS Right ChangeUp/Splitter,,63.53,4
GEO_BUL,"Harber, Parks",Right,VS Right Slider/Cutter,,58.58,9
GEO_BUL,"Harber, Parks",Right,VS Right Fastball,,45.87,6
GEO_BUL,"Collins, Corey",Left,VS Left Fastball,,55.61,10
GEO_BUL,"Collins, Corey",Left,VS Left Slider/Cutter,,59.02,7
GEO_BUL,"Collins, Corey",Left,VS Left Curveball,,29.82,2
GEO_BUL,"Collins, Corey",Left,VS Right ChangeUp/Splitter,,42.9,4
GEO_BUL,"Collins, Corey",Left,VS Right Fastball,,46.2,21
GEO_BUL,"Collins, Corey",Left,VS Left ChangeUp/Splitter,,33.24,1
GEO_BUL,"Collins, Corey",Left,VS Right Slider/Cutter,,48.62,6
GEO_BUL,"Gonzalez, Fernando",Right,VS Left Fastball,,57.13,6
GEO_BUL,"Gonzalez, Fernando",Right,VS Left Slider/Cutter,,24.35,1
GEO_BUL,"Gonzalez, Fernando",Right,VS Left ChangeUp/Splitter,,7.9,1
GEO_BUL,"Gonzalez, Fernando",Right,VS Right ChangeUp/Splitter,,58,3
GEO_BUL,"Gonzalez, Fernando",Right,VS Right Fastball,,40.78,6
GEO_BUL,"Gonzalez, Fernando",Right,VS Right Slider/Cutter,,90.1,1
AUB_TIG,"Irish, Ike",Left,VS Right Slider/Cutter,,55.5,80
AUB_TIG,"Irish, Ike",Left,VS Right ChangeUp/Splitter,,53.3,61
AUB_TIG,"Irish, Ike",Left,VS Right Fastball,,57.32,167
AUB_TIG,"Irish, Ike",Left,VS Right Curveball,,46.92,19
AUB_TIG,"Irish, Ike",Left,VS Left Fastball,,51.31,87
AUB_TIG,"Irish, Ike",Left,VS Left Slider/Cutter,,46.71,101
AUB_TIG,"Irish, Ike",Left,VS Left ChangeUp/Splitter,,44.65,12
AUB_TIG,"Irish, Ike",Left,VS Both Curveball,,75,2
AUB_TIG,"Irish, Ike",Left,VS Both Fastball,,47.12,3
AUB_TIG,"Irish, Ike",Left,VS Both Slider/Cutter,,47.5,3
AUB_TIG,"Irish, Ike",Left,VS Left Curveball,,67,7
AUB_TIG,"Irish, Ike",Left,VS Right Sinker,,49.41,5
AUB_TIG,"Irish, Ike",Left,VS Left Sinker,,50.78,19
AUB_TIG,"Kirby, Justin",Right,VS Right Fastball,,48.82,55
AUB_TIG,"Kirby, Justin",Right,VS Right Slider/Cutter,,53.1,38
AUB_TIG,"Kirby, Justin",Right,VS Right Curveball,,13.94,3
AUB_TIG,"Kirby, Justin",Right,VS Left Fastball,,51.87,36
AUB_TIG,"Kirby, Justin",Right,VS Left Slider/Cutter,,43.44,12
AUB_TIG,"Kirby, Justin",Right,VS Left ChangeUp/Splitter,,55.45,5
AUB_TIG,"Kirby, Justin",Right,VS Right ChangeUp/Splitter,,79,1
AUB_TIG,"Peirce, Bobby",Right,VS Right Fastball,,50.58,184
AUB_TIG,"Peirce, Bobby",Right,VS Right Slider/Cutter,,49.68,126
AUB_TIG,"Peirce, Bobby",Right,VS Left Fastball,,52.03,88
AUB_TIG,"Peirce, Bobby",Right,VS Left Slider/Cutter,,48.57,36
AUB_TIG,"Peirce, Bobby",Right,VS Left ChangeUp/Splitter,,47.36,52
AUB_TIG,"Peirce, Bobby",Right,VS Left Curveball,,38.1,6
AUB_TIG,"Peirce, Bobby",Right,VS Right ChangeUp/Splitter,,48.68,28
AUB_TIG,"Peirce, Bobby",Right,VS Right Curveball,,46.21,28
AUB_TIG,"Peirce, Bobby",Right,VS Both Fastball,,42.31,6
AUB_TIG,"Peirce, Bobby",Right,VS Both Slider/Cutter,,63.39,7
AUB_TIG,"Peirce, Bobby",Right,VS Left Sinker,,63.89,24
AUB_TIG,"Peirce, Bobby",Right,VS Right Sinker,,41.53,8
GEO_BUL,"Murillo, Sebastian",Right,VS Left Fastball,,43.98,7
GEO_BUL,"Murillo, Sebastian",Right,VS Left Curveball,,16.87,1
GEO_BUL,"Murillo, Sebastian",Right,VS Left ChangeUp/Splitter,,18.61,1
GEO_BUL,"Murillo, Sebastian",Right,VS Right Fastball,,51.88,23
GEO_BUL,"Murillo, Sebastian",Right,VS Right Slider/Cutter,,42.71,11
GEO_BUL,"Murillo, Sebastian",Right,VS Right ChangeUp/Splitter,,19,5
GEO_BUL,"David, William",Right,VS Left Fastball,,52.58,16
GEO_BUL,"David, William",Right,VS Right Fastball,,59.46,24
GEO_BUL,"David, William",Right,VS Right ChangeUp/Splitter,,66.89,4
GEO_BUL,"David, William",Right,VS Right Slider/Cutter,,57.25,7
GEO_BUL,"David, William",Right,VS Left ChangeUp/Splitter,,60.3,2
GEO_BUL,"Laplante, Mason",Right,VS Left Slider/Cutter,,45.45,4
GEO_BUL,"Laplante, Mason",Right,VS Left ChangeUp/Splitter,,29.04,8
GEO_BUL,"Laplante, Mason",Right,VS Left Fastball,,45.69,9
GEO_BUL,"Laplante, Mason",Right,VS Left Curveball,,6.02,1
GEO_BUL,"Laplante, Mason",Right,VS Right Slider/Cutter,,47.14,11
GEO_BUL,"Laplante, Mason",Right,VS Right Fastball,,47.28,14
GEO_BUL,"Laplante, Mason",Right,VS Right ChangeUp/Splitter,,47.5,2
AUB_TIG,"Stanfield, Chris",Right,VS Right Fastball,,47.76,175
AUB_TIG,"Stanfield, Chris",Right,VS Right Slider/Cutter,,52.55,120
AUB_TIG,"Stanfield, Chris",Right,VS Right Curveball,,48.66,22
AUB_TIG,"Stanfield, Chris",Right,VS Left Fastball,,52.17,74
AUB_TIG,"Stanfield, Chris",Right,VS Left Slider/Cutter,,52.63,34
AUB_TIG,"Stanfield, Chris",Right,VS Left ChangeUp/Splitter,,56.62,23
AUB_TIG,"Stanfield, Chris",Right,VS Left Curveball,,70.6,5
AUB_TIG,"Stanfield, Chris",Right,VS Right ChangeUp/Splitter,,61.43,14
AUB_TIG,"Stanfield, Chris",Right,VS Both Fastball,,30.77,5
AUB_TIG,"Stanfield, Chris",Right,VS Both Slider/Cutter,,53.65,12
AUB_TIG,"Stanfield, Chris",Right,VS Right Sinker,,55.37,30
AUB_TIG,"Stanfield, Chris",Right,VS Left Sinker,,65.22,9
AUB_TIG,"LaRue, Nate",Right,VS Right Slider/Cutter,,46.02,66
AUB_TIG,"LaRue, Nate",Right,VS Right Fastball,,45.02,74
AUB_TIG,"LaRue, Nate",Right,VS Left Fastball,,54.54,12
AUB_TIG,"LaRue, Nate",Right,VS Left Curveball,,44.94,5
AUB_TIG,"LaRue, Nate",Right,VS Left ChangeUp/Splitter,,68.2,6
AUB_TIG,"LaRue, Nate",Right,VS Right Curveball,,52.49,8
AUB_TIG,"LaRue, Nate",Right,VS Both Fastball,,52.56,3
AUB_TIG,"LaRue, Nate",Right,VS Both Slider/Cutter,,56.5,5
AUB_TIG,"LaRue, Nate",Right,VS Right ChangeUp/Splitter,,69.73,2
AUB_TIG,"Green, Caden",Right,VS Right Fastball,,50.67,160
AUB_TIG,"Green, Caden",Right,VS Right Slider/Cutter,,41.98,95
AUB_TIG,"Green, Caden",Right,VS Left Fastball,,50.05,75
AUB_TIG,"Green, Caden",Right,VS Left Slider/Cutter,,54.54,28
AUB_TIG,"Green, Caden",Right,VS Left ChangeUp/Splitter,,52.14,40
AUB_TIG,"Green, Caden",Right,VS Left Curveball,,51.61,6
AUB_TIG,"Green, Caden",Right,VS Right ChangeUp/Splitter,,32.97,6
AUB_TIG,"Green, Caden",Right,VS Both Fastball,,60.36,9
AUB_TIG,"Green, Caden",Right,VS Both Slider/Cutter,,48.75,2
AUB_TIG,"Green, Caden",Right,VS Right Curveball,,31.46,5
AUB_TIG,"Green, Caden",Right,VS Right Sinker,,44.31,27
AUB_TIG,"Green, Caden",Right,VS Left Sinker,,58.94,6
AUB_TIG,"Bello, Mike",Left,VS Right Fastball,,51.26,18
AUB_TIG,"Bello, Mike",Left,VS Right Slider/Cutter,,35.5,4
AUB_TIG,"Bello, Mike",Left,VS Left Slider/Cutter,,34.61,2
AUB_TIG,"Bello, Mike",Left,VS Left Fastball,,44.33,8
AUB_TIG,"Bello, Mike",Left,VS Right ChangeUp/Splitter,,9.42,2
AUB_TIG,"Hall, Josh",Left,VS Right Fastball,,42.1,2
AUB_TIG,"Wright, Carter",Right,VS Right Fastball,,52.32,79
AUB_TIG,"Wright, Carter",Right,VS Left Fastball,,49.14,47
AUB_TIG,"Wright, Carter",Right,VS Right Slider/Cutter,,54.09,50
AUB_TIG,"Wright, Carter",Right,VS Left ChangeUp/Splitter,,52.75,18
AUB_TIG,"Wright, Carter",Right,VS Left Slider/Cutter,,68.73,22
AUB_TIG,"Wright, Carter",Right,VS Right ChangeUp/Splitter,,73.3,7
AUB_TIG,"Wright, Carter",Right,VS Left Sinker,,50.12,9
AUB_TIG,"Wright, Carter",Right,VS Right Curveball,,46.21,5
AUB_TIG,"Wright, Carter",Right,VS Right Sinker,,55.41,13
AUB_TIG,"McMurray, Cooper",Left,VS Right Slider/Cutter,,62.03,42
AUB_TIG,"McMurray, Cooper",Left,VS Right Fastball,,53.69,160
AUB_TIG,"McMurray, Cooper",Left,VS Left Slider/Cutter,,50.34,64
AUB_TIG,"McMurray, Cooper",Left,VS Left Fastball,,52.19,48
AUB_TIG,"McMurray, Cooper",Left,VS Right ChangeUp/Splitter,,53.24,49
AUB_TIG,"McMurray, Cooper",Left,VS Left ChangeUp/Splitter,,40.33,5
AUB_TIG,"McMurray, Cooper",Left,VS Right Curveball,,59.97,15
AUB_TIG,"McMurray, Cooper",Left,VS Both Slider/Cutter,,50.83,6
AUB_TIG,"McMurray, Cooper",Left,VS Both Fastball,,62.98,4
AUB_TIG,"McMurray, Cooper",Left,VS Right Sinker,,45.75,11
AUB_TIG,"McMurray, Cooper",Left,VS Left Curveball,,30.29,7
AUB_TIG,"McMurray, Cooper",Left,VS Left Sinker,,45.09,18
GEO_BUL,"Wagner, Cole",Left,VS Left Slider/Cutter,,41.35,3
GEO_BUL,"Wagner, Cole",Left,VS Right Fastball,,48.86,24
GEO_BUL,"Wagner, Cole",Left,VS Right Curveball,,61.13,1
GEO_BUL,"Wagner, Cole",Left,VS Right ChangeUp/Splitter,,61.27,8
GEO_BUL,"Wagner, Cole",Left,VS Right Slider/Cutter,,65.31,10
GEO_BUL,"Thomas, Justin",Right,VS Right Fastball,,45.14,2
GEO_BUL,"Thomas, Justin",Right,VS Right Slider/Cutter,,8.16,2
AUB_TIG,"Miller, Gavin",Right,VS Right Fastball,,51.06,74
AUB_TIG,"Miller, Gavin",Right,VS Right ChangeUp/Splitter,,50.64,8
AUB_TIG,"Miller, Gavin",Right,VS Left Fastball,,46.68,55
AUB_TIG,"Miller, Gavin",Right,VS Left ChangeUp/Splitter,,55.2,30
AUB_TIG,"Miller, Gavin",Right,VS Left Slider/Cutter,,37.82,24
AUB_TIG,"Miller, Gavin",Right,VS Right Slider/Cutter,,54.24,54
AUB_TIG,"Miller, Gavin",Right,VS Left Curveball,,34.74,3
AUB_TIG,"Miller, Gavin",Right,VS Right Sinker,,43.6,16
AUB_TIG,"Miller, Gavin",Right,VS Right Curveball,,58.72,11
AUB_TIG,"Miller, Gavin",Right,VS Left Sinker,,63.25,3
ALA_LIO,"Walker, Ethan",Right,VS Left Fastball,,45.57,10
ALA_LIO,"Walker, Ethan",Right,VS Left Slider/Cutter,,6.74,1
ALA_LIO,"Frei, Gehrig",Right,VS Left Fastball,,43.38,6
ALA_LIO,"Frei, Gehrig",Right,VS Left ChangeUp/Splitter,,22.66,5
ALA_LIO,"Knight, Andrew",Right,VS Left Fastball,,38.33,4
ALA_LIO,"Knight, Andrew",Right,VS Left ChangeUp/Splitter,,47.08,4
ALA_LIO,"Machado, Kyle",Right,VS Left Fastball,,35.05,11
ALA_LIO,"Machado, Kyle",Right,VS Left ChangeUp/Splitter,,39.46,2
ALA_LIO,"Machado, Kyle",Right,VS Left Slider/Cutter,,79.89,1
ALA_LIO,"Ferrigno, Jackson",Right,VS Left Fastball,,17.82,4
ALA_LIO,"Hudson, Drew",Right,VS Left Fastball,,41.4,8
ALA_LIO,"Hudson, Drew",Right,VS Left ChangeUp/Splitter,,7.9,2
ALA_LIO,"Hudson, Drew",Right,VS Left Slider/Cutter,,83.48,3
ALA_LIO,"McIntyre, Dominick",Right,VS Left Fastball,,37.14,12
ALA_LIO,"McIntyre, Dominick",Right,VS Left ChangeUp/Splitter,,38.21,3
ALA_LIO,"Cheek, Jackson",Right,VS Left Fastball,,49.74,4
ALA_LIO,"Cheek, Jackson",Right,VS Left ChangeUp/Splitter,,7.9,1
ALA_LIO,"Jenson, Levi",Right,VS Left Fastball,,53.22,5
ALA_LIO,"Jenson, Levi",Right,VS Left ChangeUp/Splitter,,46.77,2
ALA_LIO,"Thomas, Peyton",Right,VS Left Fastball,,41.24,3
ALA_LIO,"Thomas, Peyton",Right,VS Left ChangeUp/Splitter,,17.31,2
TEX_AGG,"Haas, Hunter",Right,VS Right Fastball,,56.3,23
TEX_AGG,"Haas, Hunter",Right,VS Right Slider/Cutter,,56.57,17
TEX_AGG,"Haas, Hunter",Right,VS Right ChangeUp/Splitter,,54.14,6
TEX_AGG,"Haas, Hunter",Right,VS Left Fastball,,42.74,21
TEX_AGG,"Haas, Hunter",Right,VS Left ChangeUp/Splitter,,49.17,9
TEX_AGG,"Haas, Hunter",Right,VS Left Slider/Cutter,,60.42,4
TEX_AGG,"Moss, Jack",Left,VS Right Slider/Cutter,,51.59,15
TEX_AGG,"Moss, Jack",Left,VS Right Fastball,,56.08,12
TEX_AGG,"Moss, Jack",Left,VS Right ChangeUp/Splitter,,57.59,10
TEX_AGG,"Moss, Jack",Left,VS Left ChangeUp/Splitter,,37.39,3
TEX_AGG,"Moss, Jack",Left,VS Left Slider/Cutter,,54.54,15
TEX_AGG,"Moss, Jack",Left,VS Left Fastball,,40.61,12
TEX_AGG,"Bost, Austin",Right,VS Right Slider/Cutter,,55.86,13
TEX_AGG,"Bost, Austin",Right,VS Right Fastball,,52.28,18
TEX_AGG,"Bost, Austin",Right,VS Right ChangeUp/Splitter,,64.87,2
TEX_AGG,"Bost, Austin",Right,VS Left ChangeUp/Splitter,,64.31,15
TEX_AGG,"Bost, Austin",Right,VS Left Fastball,,60.95,23
TEX_AGG,"Bost, Austin",Right,VS Left Slider/Cutter,,34.61,2
TEX_AGG,"Minnich, Brett",Left,VS Right ChangeUp/Splitter,,50.25,7
TEX_AGG,"Minnich, Brett",Left,VS Right Fastball,,58.86,14
TEX_AGG,"Minnich, Brett",Left,VS Right Slider/Cutter,,52.48,12
TEX_AGG,"Minnich, Brett",Left,VS Left ChangeUp/Splitter,,60.3,1
TEX_AGG,"Minnich, Brett",Left,VS Left Slider/Cutter,,47.02,12
TEX_AGG,"Minnich, Brett",Left,VS Left Fastball,,62.27,19
TEX_AGG,"Minnich, Brett",Left,VS Right Curveball,,5.12,1
TEX_AGG,"Minnich, Brett",Left,VS Left Curveball,,32.03,3
TEX_AGG,"Werner, Trevor",Right,VS Right Slider/Cutter,,57.69,11
TEX_AGG,"Werner, Trevor",Right,VS Right Fastball,,52.1,11
TEX_AGG,"Werner, Trevor",Right,VS Right ChangeUp/Splitter,,35.31,2
TEX_AGG,"Werner, Trevor",Right,VS Left Fastball,,47.12,21
TEX_AGG,"Werner, Trevor",Right,VS Left ChangeUp/Splitter,,52,11
TEX_AGG,"Werner, Trevor",Right,VS Left Slider/Cutter,,39.93,8
TEX_AGG,"Werner, Trevor",Right,VS Left Curveball,,53.21,3
TEX_AGG,"Werner, Trevor",Right,VS Right Curveball,,13.43,2
TEX_AGG,"Targac, Ryan",Left,VS Right Fastball,,60.29,19
TEX_AGG,"Targac, Ryan",Left,VS Right ChangeUp/Splitter,,56.85,10
TEX_AGG,"Targac, Ryan",Left,VS Right Slider/Cutter,,46.23,12
TEX_AGG,"Targac, Ryan",Left,VS Left Fastball,,64.53,18
TEX_AGG,"Targac, Ryan",Left,VS Left ChangeUp/Splitter,,64.13,5
TEX_AGG,"Targac, Ryan",Left,VS Right Curveball,,61.13,1
TEX_AGG,"Targac, Ryan",Left,VS Left Curveball,,84.64,1
TEX_AGG,"LaViolette, Jace",Left,VS Right ChangeUp/Splitter,,79.39,4
TEX_AGG,"LaViolette, Jace",Left,VS Right Fastball,,49.88,13
TEX_AGG,"LaViolette, Jace",Left,VS Left Slider/Cutter,,53.41,17
TEX_AGG,"LaViolette, Jace",Left,VS Left Fastball,,46.34,18
TEX_AGG,"LaViolette, Jace",Left,VS Left Curveball,,64.22,5
TEX_AGG,"LaViolette, Jace",Left,VS Right Slider/Cutter,,74.79,7
TEX_AGG,"LaViolette, Jace",Left,VS Right Curveball,,72.98,3
TEX_AGG,"LaViolette, Jace",Left,VS Left ChangeUp/Splitter,,88.94,1
TEX_AGG,"Thompson, Jordan",Right,VS Right Fastball,,46.42,29
TEX_AGG,"Thompson, Jordan",Right,VS Right ChangeUp/Splitter,,34.8,3
TEX_AGG,"Thompson, Jordan",Right,VS Right Slider/Cutter,,34.46,16
TEX_AGG,"Thompson, Jordan",Right,VS Left Fastball,,40.82,21
TEX_AGG,"Thompson, Jordan",Right,VS Left ChangeUp/Splitter,,45.78,14
TEX_AGG,"Thompson, Jordan",Right,VS Left Slider/Cutter,,34.61,2
TEX_AGG,"Thompson, Jordan",Right,VS Left Curveball,,66.75,5
TEX_AGG,"Thompson, Jordan",Right,VS Right Curveball,,61.13,1
TEX_AGG,"Bard, Hank",Left,VS Right ChangeUp/Splitter,,46.66,4
TEX_AGG,"Bard, Hank",Left,VS Right Fastball,,72.74,7
TEX_AGG,"Bard, Hank",Left,VS Left Slider/Cutter,,42.41,7
TEX_AGG,"Bard, Hank",Left,VS Left Fastball,,69.13,5
TEX_AGG,"Bard, Hank",Left,VS Right Slider/Cutter,,68.55,4
TEX_AGG,"Tracy, Tab",Left,VS Left Slider/Cutter,,11.8,2
TEX_AGG,"Tracy, Tab",Left,VS Right Slider/Cutter,,44.28,5
TEX_AGG,"Tracy, Tab",Left,VS Right Fastball,,72.13,2
TEX_AGG,"Kaufer, Max",Right,VS Left ChangeUp/Splitter,,69.57,2
TEX_AGG,"Kaufer, Max",Right,VS Left Fastball,,64.71,10
TEX_AGG,"Kaufer, Max",Right,VS Left Curveball,,23.19,1
TEX_AGG,"Kaufer, Max",Right,VS Right ChangeUp/Splitter,,72.82,3
TEX_AGG,"Kaufer, Max",Right,VS Right Fastball,,48.23,13
TEX_AGG,"Kaufer, Max",Right,VS Right Slider/Cutter,,53.55,5
TEX_AGG,"Wells, Kasen",Left,VS Right Fastball,,83.05,3
TEX_AGG,"Wells, Kasen",Left,VS Right Slider/Cutter,,79.81,1
TEX_AGG,"Chestnut, Travis",Right,VS Left Fastball,,40.89,5
SAM_BUL,"Staton, Garrett",Right,VS Left Fastball,,61.36,6
SAM_BUL,"Staton, Garrett",Right,VS Left Slider/Cutter,,79.89,1
SAM_BUL,"Staton, Garrett",Right,VS Right ChangeUp/Splitter,,9.42,1
SAM_BUL,"Staton, Garrett",Right,VS Right Slider/Cutter,,35.61,3
SAM_BUL,"Staton, Garrett",Right,VS Right Fastball,,51.46,4
SAM_BUL,"Davis, Jayden",Right,VS Left Fastball,,38.04,5
SAM_BUL,"Davis, Jayden",Right,VS Right Fastball,,52.61,7
SAM_BUL,"Davis, Jayden",Right,VS Right Slider/Cutter,,71.66,2
SAM_BUL,"Klein, Stephen",Left,VS Left Fastball,,40.49,6
SAM_BUL,"Klein, Stephen",Left,VS Left Slider/Cutter,,71.18,2
SAM_BUL,"Klein, Stephen",Left,VS Right Fastball,,53.51,6
SAM_BUL,"Klein, Stephen",Left,VS Right Slider/Cutter,,35.83,2
SAM_BUL,"Steele, Lucas",Right,VS Left Fastball,,63.46,9
SAM_BUL,"Steele, Lucas",Right,VS Left ChangeUp/Splitter,,78.85,1
SAM_BUL,"Steele, Lucas",Right,VS Right ChangeUp/Splitter,,25.04,2
SAM_BUL,"Steele, Lucas",Right,VS Right Fastball,,70.32,6
SAM_BUL,"Steele, Lucas",Right,VS Right Slider/Cutter,,79.81,1
SAM_BUL,"Anderson, John",Right,VS Left ChangeUp/Splitter,,46.66,3
SAM_BUL,"Anderson, John",Right,VS Left Fastball,,31.02,6
SAM_BUL,"Anderson, John",Right,VS Right Curveball,,61.13,1
SAM_BUL,"Anderson, John",Right,VS Right Fastball,,24.99,4
SAM_BUL,"Anderson, John",Right,VS Left Slider/Cutter,,24.35,1
SAM_BUL,"Anderson, John",Right,VS Right Slider/Cutter,,35.83,2
SAM_BUL,"Howe, Garrett",Left,VS Right Fastball,,87.64,3
SAM_BUL,"Howe, Garrett",Left,VS Right ChangeUp/Splitter,,47.5,2
SAM_BUL,"Howe, Garrett",Left,VS Left Fastball,,52.35,7
SAM_BUL,"Howe, Garrett",Left,VS Left Slider/Cutter,,89.87,3
SAM_BUL,"Bennett, Andrew",Right,VS Right Slider/Cutter,,62.31,4
SAM_BUL,"Bennett, Andrew",Right,VS Right Fastball,,40.79,6
SAM_BUL,"Bennett, Andrew",Right,VS Left ChangeUp/Splitter,,7.9,1
SAM_BUL,"Bennett, Andrew",Right,VS Left Fastball,,21.54,1
SAM_BUL,"Bennett, Andrew",Right,VS Left Slider/Cutter,,33.13,1
SAM_BUL,"Walton, Aaron",Right,VS Right Fastball,,35.25,7
SAM_BUL,"Walton, Aaron",Right,VS Right Slider/Cutter,,38.79,5
SAM_BUL,"Perry, Hayden",Right,VS Right Fastball,,49.15,5
SAM_BUL,"Perry, Hayden",Right,VS Right Slider/Cutter,,15.01,2
MSU_BDG,"Mershon, David",Right,VS Left Fastball,,55.66,26
MSU_BDG,"Mershon, David",Right,VS Left ChangeUp/Splitter,,45.78,4
MSU_BDG,"Mershon, David",Right,VS Left Curveball,,65.66,2
MSU_BDG,"Mershon, David",Right,VS Right Fastball,,60.15,12
MSU_BDG,"Mershon, David",Right,VS Right Slider/Cutter,,22.17,3
MSU_BDG,"Mershon, David",Right,VS Right ChangeUp/Splitter,,36.33,8
MSU_BDG,"Mershon, David",Right,VS Left Slider/Cutter,,43.31,2
MSU_BDG,"Mershon, David",Right,VS Right Curveball,,61.13,1
MSU_BDG,"Ledbetter, Colton",Left,VS Left Fastball,,58.21,14
MSU_BDG,"Ledbetter, Colton",Left,VS Left Slider/Cutter,,46.14,11
MSU_BDG,"Ledbetter, Colton",Left,VS Left Curveball,,49.6,3
MSU_BDG,"Ledbetter, Colton",Left,VS Right Fastball,,57.95,16
MSU_BDG,"Ledbetter, Colton",Left,VS Right ChangeUp/Splitter,,31.78,4
MSU_BDG,"Ledbetter, Colton",Left,VS Right Slider/Cutter,,51.92,3
MSU_BDG,"Ledbetter, Colton",Left,VS Right Curveball,,61.13,1
MSU_BDG,"Ledbetter, Colton",Left,VS Left ChangeUp/Splitter,,99.11,1
MSU_BDG,"Hines, Hunter",Left,VS Left Slider/Cutter,,44.27,10
MSU_BDG,"Hines, Hunter",Left,VS Left Fastball,,49.88,16
MSU_BDG,"Hines, Hunter",Left,VS Left Curveball,,35.9,5
MSU_BDG,"Hines, Hunter",Left,VS Right Fastball,,53.73,9
MSU_BDG,"Hines, Hunter",Left,VS Right ChangeUp/Splitter,,48.07,13
MSU_BDG,"Hines, Hunter",Left,VS Right Slider/Cutter,,60.39,5
MSU_BDG,"Hines, Hunter",Left,VS Right Curveball,,11.64,1
MSU_BDG,"Hines, Hunter",Left,VS Left ChangeUp/Splitter,,42.93,1
MSU_BDG,"Jordan, Dakota",Right,VS Left ChangeUp/Splitter,,60.24,10
MSU_BDG,"Jordan, Dakota",Right,VS Left Slider/Cutter,,23.95,4
MSU_BDG,"Jordan, Dakota",Right,VS Left Fastball,,41.62,12
MSU_BDG,"Jordan, Dakota",Right,VS Right Slider/Cutter,,27.08,11
MSU_BDG,"Jordan, Dakota",Right,VS Right Fastball,,41.06,11
MSU_BDG,"Jordan, Dakota",Right,VS Right ChangeUp/Splitter,,61.51,2
MSU_BDG,"Jordan, Dakota",Right,VS Right Curveball,,81.97,1
MSU_BDG,"Jordan, Dakota",Right,VS Left Curveball,,65.96,1
MSU_BDG,"Hancock, Luke",Left,VS Left Fastball,,43.61,12
MSU_BDG,"Hancock, Luke",Left,VS Left Curveball,,48.09,3
MSU_BDG,"Hancock, Luke",Left,VS Left Slider/Cutter,,51.32,7
MSU_BDG,"Hancock, Luke",Left,VS Right Slider/Cutter,,55.55,4
MSU_BDG,"Hancock, Luke",Left,VS Right Fastball,,55.33,20
MSU_BDG,"Hancock, Luke",Left,VS Right ChangeUp/Splitter,,57.28,5
MSU_BDG,"Hancock, Luke",Left,VS Right Curveball,,61.13,1
MSU_BDG,"Hancock, Luke",Left,VS Left ChangeUp/Splitter,,28.06,2
MSU_BDG,"Alford, Slate",Right,VS Left Fastball,,50.03,22
MSU_BDG,"Alford, Slate",Right,VS Left ChangeUp/Splitter,,48.5,12
MSU_BDG,"Alford, Slate",Right,VS Left Curveball,,25.5,3
MSU_BDG,"Alford, Slate",Right,VS Right Slider/Cutter,,49.58,13
MSU_BDG,"Alford, Slate",Right,VS Right Fastball,,43.25,9
MSU_BDG,"Alford, Slate",Right,VS Right ChangeUp/Splitter,,22.72,1
MSU_BDG,"Alford, Slate",Right,VS Right Curveball,,61.13,1
MSU_BDG,"Alford, Slate",Right,VS Left Slider/Cutter,,63.33,5
MSU_BDG,"Clark, Kellum",Left,VS Left Curveball,,57.71,5
MSU_BDG,"Clark, Kellum",Left,VS Left Slider/Cutter,,59.91,4
MSU_BDG,"Clark, Kellum",Left,VS Left Fastball,,77.6,7
MSU_BDG,"Clark, Kellum",Left,VS Right Fastball,,44.98,18
MSU_BDG,"Clark, Kellum",Left,VS Right ChangeUp/Splitter,,42.17,10
MSU_BDG,"Clark, Kellum",Left,VS Right Slider/Cutter,,78.3,4
MSU_BDG,"Larry, Amani",Right,VS Left Fastball,,50.43,16
MSU_BDG,"Larry, Amani",Right,VS Left Curveball,,51.81,1
MSU_BDG,"Larry, Amani",Right,VS Left ChangeUp/Splitter,,48.44,3
MSU_BDG,"Larry, Amani",Right,VS Left Slider/Cutter,,60.26,3
MSU_BDG,"Larry, Amani",Right,VS Right Slider/Cutter,,67.63,14
MSU_BDG,"Larry, Amani",Right,VS Right Fastball,,57.18,18
MSU_BDG,"Larry, Amani",Right,VS Right ChangeUp/Splitter,,90.13,1
MSU_BDG,"Highfill, Ross",Right,VS Left Fastball,,51.07,15
MSU_BDG,"Highfill, Ross",Right,VS Left Curveball,,84.64,1
MSU_BDG,"Highfill, Ross",Right,VS Right Fastball,,53.26,13
MSU_BDG,"Highfill, Ross",Right,VS Right Slider/Cutter,,41.82,6
MSU_BDG,"Highfill, Ross",Right,VS Left Slider/Cutter,,48.63,2
MSU_BDG,"Highfill, Ross",Right,VS Left ChangeUp/Splitter,,77.34,2
MSU_BDG,"Highfill, Ross",Right,VS Right ChangeUp/Splitter,,65.4,2
MSU_BDG,"Highfill, Ross",Right,VS Right Curveball,,81.97,1
MSU_BDG,"Chance, Bryce",Right,VS Right Fastball,,68.21,4
MSU_BDG,"Chance, Bryce",Right,VS Right Slider/Cutter,,57.93,2
MSU_BDG,"Downs, Aaron",Right,VS Right Slider/Cutter,,71.66,2
MSU_BDG,"Downs, Aaron",Right,VS Right Fastball,,43.6,4
MSU_BDG,"Downs, Aaron",Right,VS Left Fastball,,55.86,2
MSU_BDG,"Downs, Aaron",Right,VS Left Slider/Cutter,,49.88,2
AUB_TIG,"Hill, Cam",Left,VS Right Slider/Cutter,,50.41,4
AUB_TIG,"Hill, Cam",Left,VS Right Curveball,,32.99,1
AUB_TIG,"Hill, Cam",Left,VS Right Fastball,,14.73,4
AUB_TIG,"Dyal, Ryan",Left,VS Right Curveball,,32.99,1
AUB_TIG,"Dyal, Ryan",Left,VS Right Slider/Cutter,,38.38,8
LSU_TIG,"Dugas, Gavin",Right,VS Right Fastball,,47.67,28
LSU_TIG,"Dugas, Gavin",Right,VS Left ChangeUp/Splitter,,42.34,5
LSU_TIG,"Dugas, Gavin",Right,VS Left Fastball,,44.36,10
LSU_TIG,"Dugas, Gavin",Right,VS Right Slider/Cutter,,67.1,13
LSU_TIG,"Dugas, Gavin",Right,VS Left Curveball,,60.94,3
LSU_TIG,"Dugas, Gavin",Right,VS Left Slider/Cutter,,6.74,1
LSU_TIG,"Dugas, Gavin",Right,VS Right ChangeUp/Splitter,,43.51,8
LSU_TIG,"Morgan, Tre",Left,VS Right Fastball,,54.13,20
LSU_TIG,"Morgan, Tre",Left,VS Right Slider/Cutter,,54.95,2
LSU_TIG,"Morgan, Tre",Left,VS Left Slider/Cutter,,73.43,6
LSU_TIG,"Morgan, Tre",Left,VS Left Fastball,,43.15,19
LSU_TIG,"Morgan, Tre",Left,VS Left ChangeUp/Splitter,,46.43,1
LSU_TIG,"Morgan, Tre",Left,VS Right ChangeUp/Splitter,,55.65,8
LSU_TIG,"Morgan, Tre",Left,VS Left Curveball,,60.06,5
LSU_TIG,"Crews, Dylan",Right,VS Right Slider/Cutter,,49.13,15
LSU_TIG,"Crews, Dylan",Right,VS Right Fastball,,42.83,14
LSU_TIG,"Crews, Dylan",Right,VS Left Slider/Cutter,,49.7,3
LSU_TIG,"Crews, Dylan",Right,VS Left Fastball,,38.45,9
LSU_TIG,"Crews, Dylan",Right,VS Left ChangeUp/Splitter,,57.37,3
LSU_TIG,"Crews, Dylan",Right,VS Left Curveball,,38.65,3
LSU_TIG,"Crews, Dylan",Right,VS Right ChangeUp/Splitter,,53.77,6
LSU_TIG,"White, Tommy",Right,VS Right Slider/Cutter,,35.39,10
LSU_TIG,"White, Tommy",Right,VS Right Fastball,,58.85,26
LSU_TIG,"White, Tommy",Right,VS Left Fastball,,32.27,7
LSU_TIG,"White, Tommy",Right,VS Left Slider/Cutter,,69.84,2
LSU_TIG,"White, Tommy",Right,VS Left Curveball,,75.75,2
LSU_TIG,"White, Tommy",Right,VS Right ChangeUp/Splitter,,50.56,2
LSU_TIG,"White, Tommy",Right,VS Left ChangeUp/Splitter,,34.1,2
LSU_TIG,"Beloso, Cade",Left,VS Right Slider/Cutter,,35.5,4
LSU_TIG,"Beloso, Cade",Left,VS Right Fastball,,54.68,22
LSU_TIG,"Beloso, Cade",Left,VS Right Curveball,,45.27,1
LSU_TIG,"Beloso, Cade",Left,VS Left Slider/Cutter,,32.34,6
LSU_TIG,"Beloso, Cade",Left,VS Left Fastball,,46.3,5
LSU_TIG,"Beloso, Cade",Left,VS Right ChangeUp/Splitter,,47.91,7
LSU_TIG,"Jones, Jared",Right,VS Right Slider/Cutter,,40.21,15
LSU_TIG,"Jones, Jared",Right,VS Right Fastball,,46.83,12
LSU_TIG,"Jones, Jared",Right,VS Left ChangeUp/Splitter,,46.39,8
LSU_TIG,"Jones, Jared",Right,VS Left Fastball,,55,9
LSU_TIG,"Jones, Jared",Right,VS Left Slider/Cutter,,40.47,1
LSU_TIG,"Jones, Jared",Right,VS Right ChangeUp/Splitter,,57.77,3
LSU_TIG,"Pearson, Josh",Left,VS Right Fastball,,38.9,9
LSU_TIG,"Pearson, Josh",Left,VS Left Fastball,,35.1,2
LSU_TIG,"Pearson, Josh",Left,VS Left Slider/Cutter,,56.51,2
LSU_TIG,"Pearson, Josh",Left,VS Right Slider/Cutter,,79.81,1
LSU_TIG,"Milazzo, Alex",Right,VS Right Slider/Cutter,,53.53,8
LSU_TIG,"Milazzo, Alex",Right,VS Right Fastball,,43.33,13
LSU_TIG,"Milazzo, Alex",Right,VS Left ChangeUp/Splitter,,60.82,4
LSU_TIG,"Milazzo, Alex",Right,VS Left Fastball,,40.09,5
LSU_TIG,"Milazzo, Alex",Right,VS Right ChangeUp/Splitter,,53.66,4
LSU_TIG,"Jobert, Brayden",Left,VS Left Slider/Cutter,,42.67,8
LSU_TIG,"Jobert, Brayden",Left,VS Left Curveball,,53.92,2
LSU_TIG,"Jobert, Brayden",Left,VS Left Fastball,,5.28,2
LSU_TIG,"Travinski, Hayden",Right,VS Left Fastball,,42.91,14
LSU_TIG,"Travinski, Hayden",Right,VS Left Curveball,,52.41,5
LSU_TIG,"Travinski, Hayden",Right,VS Left ChangeUp/Splitter,,54.56,8
LSU_TIG,"Travinski, Hayden",Right,VS Right Slider/Cutter,,57.11,3
LSU_TIG,"Travinski, Hayden",Right,VS Right Fastball,,43.59,3
AUB_TIG,"Wortham, Brody",Right,VS Right Slider/Cutter,,71.3,5
AUB_TIG,"Wortham, Brody",Right,VS Right Fastball,,53.78,8
AUB_TIG,"Wortham, Brody",Right,VS Right Curveball,,43.09,1
AUB_TIG,"Wortham, Brody",Right,VS Right ChangeUp/Splitter,,79,1
LSU_TIG,"Kling, Paxton",Right,VS Left Fastball,,28.99,7
LSU_TIG,"Kling, Paxton",Right,VS Right Slider/Cutter,,58.49,6
LSU_TIG,"Kling, Paxton",Right,VS Right Fastball,,48.61,7
LSU_TIG,"Kling, Paxton",Right,VS Left Curveball,,65.96,1
LSU_TIG,"Kling, Paxton",Right,VS Left ChangeUp/Splitter,,18.61,1
AUB_TIG,"Moss, Brody",Left,VS Right Curveball,,53.67,15
AUB_TIG,"Moss, Brody",Left,VS Right ChangeUp/Splitter,,43.54,16
AUB_TIG,"Moss, Brody",Left,VS Right Fastball,,47.15,45
AUB_TIG,"Moss, Brody",Left,VS Right Sinker,,35.26,7
AUB_TIG,"Moss, Brody",Left,VS Right Slider/Cutter,,58.25,9
AUB_TIG,"Moss, Brody",Left,VS Left Fastball,,47.42,50
AUB_TIG,"Moss, Brody",Left,VS Left Slider/Cutter,,53.41,28
AUB_TIG,"Moss, Brody",Left,VS Left ChangeUp/Splitter,,57.6,7
AUB_TIG,"Moss, Brody",Left,VS Left Sinker,,37.11,13
AUB_TIG,"Moss, Brody",Left,VS Left Curveball,,36.45,1
MIZ_TIG,"Lovich, Ross",Left,VS Right Fastball,,44.77,17
MIZ_TIG,"Lovich, Ross",Left,VS Right Curveball,,61.13,2
MIZ_TIG,"Lovich, Ross",Left,VS Left Slider/Cutter,,56.58,11
MIZ_TIG,"Lovich, Ross",Left,VS Left Fastball,,31.07,12
MIZ_TIG,"Lovich, Ross",Left,VS Left Curveball,,65.96,1
MIZ_TIG,"Lovich, Ross",Left,VS Left ChangeUp/Splitter,,78.85,1
MIZ_TIG,"Lovich, Ross",Left,VS Right ChangeUp/Splitter,,40.66,1
MIZ_TIG,"Lovich, Ross",Left,VS Right Slider/Cutter,,63.5,1
MIZ_TIG,"Austin, Trevor",Right,VS Right Curveball,,41.43,2
MIZ_TIG,"Austin, Trevor",Right,VS Right Fastball,,53.78,13
MIZ_TIG,"Austin, Trevor",Right,VS Right Slider/Cutter,,50.92,9
MIZ_TIG,"Austin, Trevor",Right,VS Left ChangeUp/Splitter,,53.3,8
MIZ_TIG,"Austin, Trevor",Right,VS Left Fastball,,54.61,22
MIZ_TIG,"Austin, Trevor",Right,VS Left Slider/Cutter,,59.83,5
MIZ_TIG,"Austin, Trevor",Right,VS Left Curveball,,65.96,1
MIZ_TIG,"Mann, Luke",Left,VS Right Curveball,,40.03,4
MIZ_TIG,"Mann, Luke",Left,VS Right Fastball,,38.78,17
MIZ_TIG,"Mann, Luke",Left,VS Right Slider/Cutter,,39.36,3
MIZ_TIG,"Mann, Luke",Left,VS Left Fastball,,37.9,10
MIZ_TIG,"Mann, Luke",Left,VS Left Slider/Cutter,,30.74,15
MIZ_TIG,"Mann, Luke",Left,VS Left Curveball,,29.92,3
MIZ_TIG,"Zeisler, Hank",Left,VS Right Fastball,,37.75,8
MIZ_TIG,"Zeisler, Hank",Left,VS Right Curveball,,49.42,2
MIZ_TIG,"Zeisler, Hank",Left,VS Left Slider/Cutter,,44.65,10
MIZ_TIG,"Zeisler, Hank",Left,VS Left Fastball,,47.06,21
MIZ_TIG,"Zeisler, Hank",Left,VS Right Slider/Cutter,,79.61,2
MIZ_TIG,"Zeisler, Hank",Left,VS Left Curveball,,13.55,1
MIZ_TIG,"Zeisler, Hank",Left,VS Left ChangeUp/Splitter,,60.3,1
MIZ_TIG,"Bargo, Dalton",Left,VS Right Curveball,,54.09,4
MIZ_TIG,"Bargo, Dalton",Left,VS Right Fastball,,40.7,8
MIZ_TIG,"Bargo, Dalton",Left,VS Right Slider/Cutter,,50.35,3
MIZ_TIG,"Bargo, Dalton",Left,VS Left Fastball,,45.21,15
MIZ_TIG,"Bargo, Dalton",Left,VS Left Slider/Cutter,,52.34,9
MIZ_TIG,"Bargo, Dalton",Left,VS Left Curveball,,75.3,2
MIZ_TIG,"Leach, Dylan",Left,VS Right Fastball,,49.45,10
MIZ_TIG,"Leach, Dylan",Left,VS Right Slider/Cutter,,27.24,2
MIZ_TIG,"Leach, Dylan",Left,VS Right Curveball,,81.97,1
MIZ_TIG,"Leach, Dylan",Left,VS Left Slider/Cutter,,62.56,4
MIZ_TIG,"Leach, Dylan",Left,VS Left Fastball,,42.6,15
MIZ_TIG,"Leach, Dylan",Left,VS Left ChangeUp/Splitter,,45.07,5
MIZ_TIG,"Wilmsmeyer, Ty",Right,VS Right Slider/Cutter,,31.11,10
MIZ_TIG,"Wilmsmeyer, Ty",Right,VS Right Curveball,,61.13,1
MIZ_TIG,"Wilmsmeyer, Ty",Right,VS Right Fastball,,50.22,15
MIZ_TIG,"Wilmsmeyer, Ty",Right,VS Left ChangeUp/Splitter,,53.02,10
MIZ_TIG,"Wilmsmeyer, Ty",Right,VS Left Fastball,,51.37,20
MIZ_TIG,"Wilmsmeyer, Ty",Right,VS Left Slider/Cutter,,71.18,2
MIZ_TIG,"Garcia, Matt",Left,VS Right Fastball,,45.57,16
MIZ_TIG,"Garcia, Matt",Left,VS Right Slider/Cutter,,54.06,3
MIZ_TIG,"Garcia, Matt",Left,VS Right Curveball,,86.83,2
MIZ_TIG,"Garcia, Matt",Left,VS Left Fastball,,48.76,19
MIZ_TIG,"Garcia, Matt",Left,VS Left ChangeUp/Splitter,,76.03,3
MIZ_TIG,"Garcia, Matt",Left,VS Left Slider/Cutter,,47.8,3
MIZ_TIG,"Garcia, Matt",Left,VS Right ChangeUp/Splitter,,60.46,1
MIZ_TIG,"Chick, Cam",Left,VS Right Fastball,,60.87,8
MIZ_TIG,"Chick, Cam",Left,VS Right Curveball,,61.13,1
MIZ_TIG,"Chick, Cam",Left,VS Left Slider/Cutter,,49.52,6
MIZ_TIG,"Chick, Cam",Left,VS Left Fastball,,41.53,12
MIZ_TIG,"Chick, Cam",Left,VS Left ChangeUp/Splitter,,33.24,1
MIZ_TIG,"Stevens, JuJu",Right,VS Left Slider/Cutter,,29.54,3
MIZ_TIG,"Stevens, JuJu",Right,VS Left ChangeUp/Splitter,,39.63,1
MIZ_TIG,"Stevens, JuJu",Right,VS Left Fastball,,53.51,2
MIZ_TIG,"Morris, Tre",Right,VS Left Slider/Cutter,,39.67,2
MIZ_TIG,"Morris, Tre",Right,VS Left Fastball,,33.12,7
MIZ_TIG,"Morris, Tre",Right,VS Left ChangeUp/Splitter,,55.78,5
MIZ_TIG,"Morris, Tre",Right,VS Right Slider/Cutter,,45.02,2
MIZ_TIG,"Morris, Tre",Right,VS Right Fastball,,5.62,1
AUB_TIG,"Weiss, Cooper",Right,VS Left Fastball,,56.47,46
AUB_TIG,"Weiss, Cooper",Right,VS Left ChangeUp/Splitter,,46.62,19
AUB_TIG,"Weiss, Cooper",Right,VS Right Fastball,,47.83,78
AUB_TIG,"Weiss, Cooper",Right,VS Right Slider/Cutter,,51.36,54
AUB_TIG,"Weiss, Cooper",Right,VS Right ChangeUp/Splitter,,54.96,18
AUB_TIG,"Weiss, Cooper",Right,VS Right Curveball,,65.04,11
AUB_TIG,"Weiss, Cooper",Right,VS Left Slider/Cutter,,50.11,17
AUB_TIG,"Weiss, Cooper",Right,VS Left Curveball,,39.76,2
AUB_TIG,"Weiss, Cooper",Right,VS Right Sinker,,37.12,16
AUB_TIG,"Weiss, Cooper",Right,VS Left Sinker,,52.01,5
AUB_TIG,"Hall, Christian",Left,VS Left Fastball,,50.09,57
AUB_TIG,"Hall, Christian",Left,VS Left Slider/Cutter,,48.52,34
AUB_TIG,"Hall, Christian",Left,VS Left ChangeUp/Splitter,,52.05,12
AUB_TIG,"Hall, Christian",Left,VS Right Fastball,,37.33,69
AUB_TIG,"Hall, Christian",Left,VS Right Curveball,,50.05,15
AUB_TIG,"Hall, Christian",Left,VS Right Slider/Cutter,,68,36
AUB_TIG,"Hall, Christian",Left,VS Right ChangeUp/Splitter,,46.41,16
AUB_TIG,"Hall, Christian",Left,VS Right Sinker,,53.8,18
AUB_TIG,"Hall, Christian",Left,VS Left Sinker,,46.47,4
AUB_TIG,"Maners, Mason",Left,VS Right Fastball,,47.99,71
AUB_TIG,"Maners, Mason",Left,VS Right ChangeUp/Splitter,,47.26,28
AUB_TIG,"Maners, Mason",Left,VS Right Curveball,,53.96,19
AUB_TIG,"Maners, Mason",Left,VS Left Sinker,,39.89,9
AUB_TIG,"Maners, Mason",Left,VS Left Slider/Cutter,,43.7,28
AUB_TIG,"Maners, Mason",Left,VS Right Slider/Cutter,,55.52,23
AUB_TIG,"Maners, Mason",Left,VS Left Fastball,,56.05,8
AUB_TIG,"Maners, Mason",Left,VS Right Sinker,,59.76,15
AUB_TIG,"Maners, Mason",Left,VS Left ChangeUp/Splitter,,89.29,2
AUB_TIG,"Maners, Mason",Left,VS Left Curveball,,94.88,1
AUB_TIG,"Fabian, Deric",Right,VS Right Fastball,,46.46,90
AUB_TIG,"Fabian, Deric",Right,VS Right Slider/Cutter,,51.64,43
AUB_TIG,"Fabian, Deric",Right,VS Left Fastball,,50.69,56
AUB_TIG,"Fabian, Deric",Right,VS Left Slider/Cutter,,60.63,27
AUB_TIG,"Fabian, Deric",Right,VS Right Curveball,,60,18
AUB_TIG,"Fabian, Deric",Right,VS Right ChangeUp/Splitter,,43.14,16
AUB_TIG,"Fabian, Deric",Right,VS Right Sinker,,56.47,19
AUB_TIG,"Fabian, Deric",Right,VS Left ChangeUp/Splitter,,50.23,22
AUB_TIG,"Fabian, Deric",Right,VS Left Sinker,,53.21,6
AUB_TIG,"Fabian, Deric",Right,VS Left Curveball,,80.42,2
AUB_TIG,"Nelson, Drew",Left,VS Right Fastball,,54.32,26
AUB_TIG,"Nelson, Drew",Left,VS Right Curveball,,69.46,5
AUB_TIG,"Nelson, Drew",Left,VS Right ChangeUp/Splitter,,54.47,8
AUB_TIG,"Nelson, Drew",Left,VS Right Slider/Cutter,,36.38,14
AUB_TIG,"Nelson, Drew",Left,VS Left Fastball,,54.72,24
AUB_TIG,"Nelson, Drew",Left,VS Left Slider/Cutter,,50.77,10
AUB_TIG,"Nelson, Drew",Left,VS Left ChangeUp/Splitter,,52.28,5
AUB_TIG,"Nelson, Drew",Left,VS Right Sinker,,6.13,1
AUB_TIG,"Nelson, Drew",Left,VS Left Curveball,,6.02,2
AUB_TIG,"Nelson, Drew",Left,VS Left Sinker,,55.4,4
AUB_TIG,"Mauldin, Ty",Left,VS Left Fastball,,47.87,62
AUB_TIG,"Mauldin, Ty",Left,VS Left Slider/Cutter,,43.97,28
AUB_TIG,"Mauldin, Ty",Left,VS Left Sinker,,46.93,11
AUB_TIG,"Mauldin, Ty",Left,VS Right Slider/Cutter,,41.97,10
AUB_TIG,"Mauldin, Ty",Left,VS Right Sinker,,60.06,7
AUB_TIG,"Mauldin, Ty",Left,VS Right Fastball,,46.73,34
AUB_TIG,"Mauldin, Ty",Left,VS Right ChangeUp/Splitter,,44.48,13
AUB_TIG,"Mauldin, Ty",Left,VS Right Curveball,,46.9,14
AUB_TIG,"Mauldin, Ty",Left,VS Left ChangeUp/Splitter,,48.09,6
AUB_TIG,"Edwards, Cole",Right,VS Right Fastball,,45.54,45
AUB_TIG,"Edwards, Cole",Right,VS Right Slider/Cutter,,52.19,40
AUB_TIG,"Edwards, Cole",Right,VS Left Fastball,,52.36,38
AUB_TIG,"Edwards, Cole",Right,VS Left ChangeUp/Splitter,,40.81,37
AUB_TIG,"Edwards, Cole",Right,VS Right Curveball,,47.98,12
AUB_TIG,"Edwards, Cole",Right,VS Left Slider/Cutter,,44.03,21
AUB_TIG,"Edwards, Cole",Right,VS Left Sinker,,44.74,5
AUB_TIG,"Edwards, Cole",Right,VS Left Curveball,,46.16,4
AUB_TIG,"Edwards, Cole",Right,VS Right ChangeUp/Splitter,,63.77,4
AUB_TIG,"Edwards, Cole",Right,VS Right Sinker,,56.82,16
AUB_TIG,"Belyeu, Cade",Left,VS Right Fastball,,44.2,74
AUB_TIG,"Belyeu, Cade",Left,VS Right ChangeUp/Splitter,,46.12,28
AUB_TIG,"Belyeu, Cade",Left,VS Right Slider/Cutter,,51.35,20
AUB_TIG,"Belyeu, Cade",Left,VS Left Fastball,,49.39,44
AUB_TIG,"Belyeu, Cade",Left,VS Left Slider/Cutter,,36.4,32
AUB_TIG,"Belyeu, Cade",Left,VS Left Sinker,,48.27,20
AUB_TIG,"Belyeu, Cade",Left,VS Right Sinker,,51.37,12
AUB_TIG,"Belyeu, Cade",Left,VS Right Curveball,,41.99,20
AUB_TIG,"Belyeu, Cade",Left,VS Left ChangeUp/Splitter,,50.19,10
AUB_TIG,"Belyeu, Cade",Left,VS Left Curveball,,36.45,1
AUB_TIG,"Murphy, Hayden",Left,VS Right Fastball,,46.93,25
AUB_TIG,"Murphy, Hayden",Left,VS Right Slider/Cutter,,51.57,32
AUB_TIG,"Murphy, Hayden",Left,VS Right ChangeUp/Splitter,,34.14,9
AUB_TIG,"Murphy, Hayden",Left,VS Right Sinker,,60.74,15
AUB_TIG,"Murphy, Hayden",Left,VS Left Slider/Cutter,,48.05,15
AUB_TIG,"Murphy, Hayden",Left,VS Left ChangeUp/Splitter,,52.84,24
AUB_TIG,"Murphy, Hayden",Left,VS Left Fastball,,39.18,42
AUB_TIG,"Murphy, Hayden",Left,VS Right Curveball,,35.51,15
AUB_TIG,"Murphy, Hayden",Left,VS Left Sinker,,51,3
AUB_TIG,"Murphy, Hayden",Left,VS Left Curveball,,53.92,2
AUB_TIG,"Guevara, Eric",Right,VS Left Fastball,,71.06,8
AUB_TIG,"Guevara, Eric",Right,VS Left Slider/Cutter,,66.17,2
AUB_TIG,"Guevara, Eric",Right,VS Left ChangeUp/Splitter,,78.85,1
AUB_TIG,"Guevara, Eric",Right,VS Right Fastball,,69.4,3
AUB_TIG,"Guevara, Eric",Right,VS Right Slider/Cutter,,63.81,8
AUB_TIG,"Guevara, Eric",Right,VS Right ChangeUp/Splitter,,43.52,3
AUB_TIG,"Freeman, Kaleb",Right,VS Left Fastball,,58.31,39
AUB_TIG,"Freeman, Kaleb",Right,VS Left Slider/Cutter,,71.35,14
AUB_TIG,"Freeman, Kaleb",Right,VS Right Sinker,,51.02,43
AUB_TIG,"Freeman, Kaleb",Right,VS Right ChangeUp/Splitter,,50.47,35
AUB_TIG,"Freeman, Kaleb",Right,VS Right Slider/Cutter,,54.05,27
AUB_TIG,"Freeman, Kaleb",Right,VS Right Fastball,,43.32,62
AUB_TIG,"Freeman, Kaleb",Right,VS Left ChangeUp/Splitter,,52.72,15
AUB_TIG,"Freeman, Kaleb",Right,VS Left Sinker,,52.52,5
AUB_TIG,"Freeman, Kaleb",Right,VS Right Curveball,,56.02,24
AUB_TIG,"Freeman, Kaleb",Right,VS Left Curveball,,57.11,5
AUB_TIG,"Wade, Alex",Right,VS Right Fastball,,43.7,34
AUB_TIG,"Wade, Alex",Right,VS Right Slider/Cutter,,31.23,37
AUB_TIG,"Wade, Alex",Right,VS Right ChangeUp/Splitter,,40.27,5
AUB_TIG,"Wade, Alex",Right,VS Right Curveball,,22.12,4
AUB_TIG,"Wade, Alex",Right,VS Left Fastball,,42.67,32
AUB_TIG,"Wade, Alex",Right,VS Left ChangeUp/Splitter,,28.04,10
AUB_TIG,"Wade, Alex",Right,VS Left Slider/Cutter,,39.79,10
AUB_TIG,"Wade, Alex",Right,VS Left Sinker,,54.87,5
AUB_TIG,"Wade, Alex",Right,VS Right Sinker,,19.96,6
AUB_TIG,"Wade, Alex",Right,VS Left Curveball,,75.3,2
AUB_TIG,"Hernandez, Javon",Right,VS Right Fastball,,47.96,65
AUB_TIG,"Hernandez, Javon",Right,VS Right Slider/Cutter,,51.07,51
AUB_TIG,"Hernandez, Javon",Right,VS Right ChangeUp/Splitter,,47.38,9
AUB_TIG,"Hernandez, Javon",Right,VS Left Fastball,,50.18,52
AUB_TIG,"Hernandez, Javon",Right,VS Left ChangeUp/Splitter,,53.86,17
AUB_TIG,"Hernandez, Javon",Right,VS Left Slider/Cutter,,53.35,13
AUB_TIG,"Hernandez, Javon",Right,VS Right Sinker,,54.68,24
AUB_TIG,"Hernandez, Javon",Right,VS Right Curveball,,39.56,8
AUB_TIG,"Hernandez, Javon",Right,VS Left Sinker,,61.56,12
AUB_TIG,"Hernandez, Javon",Right,VS Left Curveball,,80.42,2
AUB_TIG,"Robertson, Sam",Right,VS Left Fastball,,56.17,49
AUB_TIG,"Robertson, Sam",Right,VS Left ChangeUp/Splitter,,47.68,18
AUB_TIG,"Robertson, Sam",Right,VS Left Slider/Cutter,,54.24,20
AUB_TIG,"Robertson, Sam",Right,VS Left Curveball,,51.05,6
AUB_TIG,"Robertson, Sam",Right,VS Right Fastball,,50.33,34
AUB_TIG,"Robertson, Sam",Right,VS Left Sinker,,50.53,6
AUB_TIG,"Robertson, Sam",Right,VS Right Slider/Cutter,,41.66,29
AUB_TIG,"Robertson, Sam",Right,VS Right Curveball,,64.43,8
AUB_TIG,"Robertson, Sam",Right,VS Right ChangeUp/Splitter,,49.63,3
AUB_TIG,"Robertson, Sam",Right,VS Right Sinker,,47.03,15
AUB_TIG,"Stricklin, Cale",Right,VS Left Fastball,,59.07,41
AUB_TIG,"Stricklin, Cale",Right,VS Left ChangeUp/Splitter,,62.96,17
AUB_TIG,"Stricklin, Cale",Right,VS Left Slider/Cutter,,69.41,5
AUB_TIG,"Stricklin, Cale",Right,VS Left Curveball,,65.96,1
AUB_TIG,"Stricklin, Cale",Right,VS Right Slider/Cutter,,44.25,34
AUB_TIG,"Stricklin, Cale",Right,VS Right Sinker,,46.81,21
AUB_TIG,"Stricklin, Cale",Right,VS Right Fastball,,48.34,22
AUB_TIG,"Stricklin, Cale",Right,VS Right Curveball,,47.06,2
AUB_TIG,"Stricklin, Cale",Right,VS Right ChangeUp/Splitter,,78.85,4
AUB_TIG,"Stricklin, Cale",Right,VS Left Sinker,,21.15,1
ALA_CRI,"Miller, Gage",Right,VS Right Fastball,,51.82,6
ALA_CRI,"Miller, Gage",Right,VS Right Slider/Cutter,,58.96,5
ALA_CRI,"Miller, Gage",Right,VS Left Sinker,,37.93,2
ALA_CRI,"Miller, Gage",Right,VS Right Sinker,,42.3,4
ALA_CRI,"Miller, Gage",Right,VS Left ChangeUp/Splitter,,77.84,3
ALA_CRI,"Miller, Gage",Right,VS Left Fastball,,37.83,4
ALA_CRI,"Petrutz, Ian",Left,VS Right Fastball,,45.09,3
ALA_CRI,"Petrutz, Ian",Left,VS Right ChangeUp/Splitter,,99.7,1
ALA_CRI,"Petrutz, Ian",Left,VS Left Slider/Cutter,,71.18,2
ALA_CRI,"Petrutz, Ian",Left,VS Left Sinker,,8.76,3
ALA_CRI,"Petrutz, Ian",Left,VS Right Slider/Cutter,,21.67,2
ALA_CRI,"Petrutz, Ian",Left,VS Right Sinker,,41.13,2
ALA_CRI,"Hodo, Will",Left,VS Right ChangeUp/Splitter,,47.5,2
ALA_CRI,"Hodo, Will",Left,VS Right Fastball,,46.38,6
ALA_CRI,"Hodo, Will",Left,VS Left Sinker,,98.72,1
ALA_CRI,"Hodo, Will",Left,VS Right Slider/Cutter,,56.36,3
ALA_CRI,"Sleight, Evan",Left,VS Right ChangeUp/Splitter,,78.7,2
ALA_CRI,"Sleight, Evan",Left,VS Right Fastball,,45,8
ALA_CRI,"Sleight, Evan",Left,VS Right Curveball,,45.27,1
ALA_CRI,"Sleight, Evan",Left,VS Right Slider/Cutter,,39.91,4
ALA_CRI,"Sleight, Evan",Left,VS Left ChangeUp/Splitter,,7.9,1
ALA_CRI,"Sleight, Evan",Left,VS Left Slider/Cutter,,43.31,2
ALA_CRI,"Sleight, Evan",Left,VS Left Sinker,,81.2,2
ALA_CRI,"McCants, TJ",Left,VS Right Slider/Cutter,,58.3,6
ALA_CRI,"McCants, TJ",Left,VS Right Fastball,,39.47,4
ALA_CRI,"McCants, TJ",Left,VS Left Slider/Cutter,,53.48,4
ALA_CRI,"McCants, TJ",Left,VS Left Sinker,,38.85,5
ALA_CRI,"McCants, TJ",Left,VS Right ChangeUp/Splitter,,40.66,1
ALA_CRI,"Guscette, Mac",Right,VS Right Fastball,,76.78,2
ALA_CRI,"Guscette, Mac",Right,VS Left Slider/Cutter,,19.94,2
ALA_CRI,"Guscette, Mac",Right,VS Left ChangeUp/Splitter,,69.57,2
ALA_CRI,"Guscette, Mac",Right,VS Left Fastball,,40.69,1
ALA_CRI,"Guscette, Mac",Right,VS Right Slider/Cutter,,33.56,5
ALA_CRI,"Grant, Max",Left,VS Right ChangeUp/Splitter,,34.53,1
ALA_CRI,"Grant, Max",Left,VS Right Slider/Cutter,,43.65,1
ALA_CRI,"Grant, Max",Left,VS Right Fastball,,13.36,2
ALA_CRI,"Grant, Max",Left,VS Left Slider/Cutter,,37.77,4
ALA_CRI,"Grant, Max",Left,VS Left Fastball,,45.7,2
ALA_CRI,"Lebron, Justin",Right,VS Right Fastball,,52.54,6
ALA_CRI,"Lebron, Justin",Right,VS Right Slider/Cutter,,71.66,2
ALA_CRI,"Lebron, Justin",Right,VS Left Sinker,,48.79,3
ALA_CRI,"Lebron, Justin",Right,VS Left Slider/Cutter,,79.89,1
ALA_CRI,"Lebron, Justin",Right,VS Right Sinker,,42.53,1
ALA_CRI,"Eblin, Bryce",Left,VS Right Fastball,,50.68,4
ALA_CRI,"Eblin, Bryce",Left,VS Right Slider/Cutter,,57.49,2
ALA_CRI,"Eblin, Bryce",Left,VS Left Slider/Cutter,,11.14,4
ALA_CRI,"Eblin, Bryce",Left,VS Left Sinker,,70.51,1
ALA_CRI,"Eblin, Bryce",Left,VS Right Sinker,,86.67,1
ALA_CRI,"Eblin, Bryce",Left,VS Left Fastball,,39.11,3
ALA_CRI,"Guangorena, Kameron",Left,VS Right ChangeUp/Splitter,,24.66,2
ALA_CRI,"Guangorena, Kameron",Left,VS Left Fastball,,64.26,3
ALA_CRI,"Guangorena, Kameron",Left,VS Right Sinker,,33.87,1
ALA_CRI,"Guangorena, Kameron",Left,VS Left Slider/Cutter,,28.67,2
ALA_CRI,"Snell, Kade",Left,VS Right ChangeUp/Splitter,,78.7,2
ALA_CRI,"Snell, Kade",Left,VS Left Slider/Cutter,,48.63,2
ALA_CRI,"Snell, Kade",Left,VS Right Fastball,,44.98,7
ALA_CRI,"Snell, Kade",Left,VS Right Slider/Cutter,,61.73,2
ALA_CRI,"Swinney, Mason",Right,VS Right Fastball,,29.3,5
ALA_CRI,"Swinney, Mason",Right,VS Right Slider/Cutter,,46.42,5
ALA_CRI,"Swinney, Mason",Right,VS Right ChangeUp/Splitter,,90.13,1
ALA_CRI,"Swinney, Mason",Right,VS Left ChangeUp/Splitter,,52.38,3
ALA_CRI,"Swinney, Mason",Right,VS Left Fastball,,70.89,3
ALA_CRI,"Mizell, Coleman",Left,VS Left Fastball,,58.65,8
ALA_CRI,"Mizell, Coleman",Left,VS Left Slider/Cutter,,62.48,1
ALA_CRI,"Mizell, Coleman",Left,VS Right Curveball,,61.13,1
ALA_CRI,"Mizell, Coleman",Left,VS Right Slider/Cutter,,65.22,4
ALA_CRI,"Mizell, Coleman",Left,VS Right Fastball,,49.96,3
ALA_CRI,"Vaughn, Luke",Right,VS Left ChangeUp/Splitter,,31.55,3
ALA_CRI,"Vaughn, Luke",Right,VS Left Fastball,,33.54,4
ALA_CRI,"Vaughn, Luke",Right,VS Right Slider/Cutter,,54.59,5
ALA_CRI,"Vaughn, Luke",Right,VS Right Fastball,,87.64,1
ALA_CRI,"Hayslip, Camden",Left,VS Left Fastball,,28.38,3
ALA_CRI,"Hayslip, Camden",Left,VS Left Slider/Cutter,,81.21,2
ALA_CRI,"Hayslip, Camden",Left,VS Left ChangeUp/Splitter,,60.3,1
ALA_CRI,"Hayslip, Camden",Left,VS Right Fastball,,32.08,1
ALA_CRI,"Hayslip, Camden",Left,VS Right Slider/Cutter,,99.66,1
ALA_CRI,"Rubin, Joey",Right,VS Left Fastball,,50.7,4
ALA_CRI,"Rubin, Joey",Right,VS Left ChangeUp/Splitter,,26.72,1
ALA_CRI,"Rubin, Joey",Right,VS Left Slider/Cutter,,6.74,1
ALA_CRI,"Rubin, Joey",Right,VS Right Sinker,,33.67,2
ALA_CRI,"Rubin, Joey",Right,VS Right Slider/Cutter,,30.8,4
ALA_CRI,"Rubin, Joey",Right,VS Right Fastball,,33.95,2
ALA_CRI,"Hamiter, William",Left,VS Left Fastball,,50.91,9
ALA_CRI,"Hamiter, William",Left,VS Left Slider/Cutter,,74.43,5
ALA_CRI,"Hamiter, William",Left,VS Left ChangeUp/Splitter,,70.4,2
ALA_CRI,"Hamiter, William",Left,VS Right Sinker,,60.27,2
ALA_CRI,"Plattner, Will",Right,VS Right Slider/Cutter,,56.41,4
ALA_CRI,"Plattner, Will",Right,VS Right Sinker,,57.3,4
ALA_CRI,"Plattner, Will",Right,VS Right Fastball,,31.44,3
ALA_CRI,"Bailey, Walt",Right,VS Right Sinker,,36.53,2
ALA_CRI,"Bailey, Walt",Right,VS Right Slider/Cutter,,8.16,1
ALA_CRI,"Bailey, Walt",Right,VS Left Fastball,,17.17,1
ALA_CRI,"Picot, Parker",Right,VS Right Fastball,,36.5,2
ALA_CRI,"Mueller, Jake",Right,VS Right Slider/Cutter,,63.5,1
ALA_CRI,"Mueller, Jake",Right,VS Right Fastball,,61.88,3
AUB_TIG,"Crotchfelt, Zach",Left,VS Left Slider/Cutter,,43.41,2
AUB_TIG,"Crotchfelt, Zach",Left,VS Left Fastball,,46.81,1
LAT,"Furr, Kasten",Right,VS Right Fastball,,50.6,14
LAT,"Furr, Kasten",Right,VS Right Slider/Cutter,,73.79,4
LAT,"Furr, Kasten",Right,VS Left Sinker,,37.93,2
LAT,"Furr, Kasten",Right,VS Left ChangeUp/Splitter,,60.3,1
LAT,"Furr, Kasten",Right,VS Right Sinker,,16.93,1
LAT,"Davis, Dalton",Right,VS Right Fastball,,45.58,15
LAT,"Davis, Dalton",Right,VS Right Slider/Cutter,,43.17,8
LAT,"Davis, Dalton",Right,VS Right Curveball,,61.13,1
LAT,"Davis, Dalton",Right,VS Right Sinker,,38.63,4
LAT,"Bates, Ethan",Left,VS Right Fastball,,54.54,9
LAT,"Bates, Ethan",Left,VS Right Slider/Cutter,,36.3,5
LAT,"Bates, Ethan",Left,VS Right Curveball,,71.55,2
LAT,"Bates, Ethan",Left,VS Left Fastball,,17.17,1
LAT,"Bates, Ethan",Left,VS Right ChangeUp/Splitter,,79,1
LAT,"Myers, Adarius",Right,VS Right Fastball,,64.37,6
LAT,"Myers, Adarius",Right,VS Right Slider/Cutter,,29.51,7
LAT,"Myers, Adarius",Right,VS Right Curveball,,76.41,2
LAT,"Myers, Adarius",Right,VS Right Sinker,,74.93,1
LAT,"Myers, Adarius",Right,VS Left Fastball,,30.87,1
LAT,"Myers, Adarius",Right,VS Left ChangeUp/Splitter,,7.9,1
LAT,"Myers, Adarius",Right,VS Left Sinker,,54.91,2
LAT,"Snider, Reid",Right,VS Right Fastball,,47.91,5
LAT,"Snider, Reid",Right,VS Right Slider/Cutter,,40.27,6
LAT,"Snider, Reid",Right,VS Right Sinker,,85.69,3
LAT,"Snider, Reid",Right,VS Left Sinker,,27.42,3
LAT,"Snider, Reid",Right,VS Left Slider/Cutter,,62.48,1
LAT,"McLeod, Logan",Right,VS Right Slider/Cutter,,35.07,11
LAT,"McLeod, Logan",Right,VS Right Fastball,,59.31,3
LAT,"McLeod, Logan",Right,VS Left Fastball,,59.05,2
LAT,"McLeod, Logan",Right,VS Left ChangeUp/Splitter,,60.3,1
LAT,"McLeod, Logan",Right,VS Left Slider/Cutter,,24.35,1
LAT,"Safford, Will",Left,VS Right Fastball,,69.34,5
LAT,"Safford, Will",Left,VS Right Curveball,,51.75,3
LAT,"Safford, Will",Left,VS Right Slider/Cutter,,16.96,2
LAT,"Safford, Will",Left,VS Left Fastball,,39.34,5
LAT,"Safford, Will",Left,VS Left Slider/Cutter,,46.08,4
LAT,"Coates, Colton",Left,VS Right Fastball,,57.44,4
LAT,"Coates, Colton",Left,VS Right Slider/Cutter,,44.4,4
LAT,"Coates, Colton",Left,VS Right ChangeUp/Splitter,,27.11,4
LAT,"Coates, Colton",Left,VS Right Curveball,,32.99,1
LAT,"Patterson, Cade",Right,VS Left Sinker,,35.36,2
LAT,"Patterson, Cade",Right,VS Right Fastball,,58.26,2
LAT,"Patterson, Cade",Right,VS Right Slider/Cutter,,21.45,2
LAT,"Patterson, Cade",Right,VS Right ChangeUp/Splitter,,79,1
LAT,"Smith, Luke",Left,VS Left Sinker,,43.27,2
LAT,"Smith, Luke",Left,VS Left Slider/Cutter,,79.89,1
LAT,"Smith, Luke",Left,VS Right Fastball,,32.08,1
LAT,"Smith, Luke",Left,VS Right Curveball,,14.96,1
LAT,"Alonso, Nick",Right,VS Right Fastball,,32.08,1
LAT,"Alonso, Nick",Right,VS Right Slider/Cutter,,8.16,1
LAT,"Netterville, Slade",Right,VS Right Fastball,,49.15,1
LAT,"Netterville, Slade",Right,VS Right Slider/Cutter,,25.76,1
LAT,"Netterville, Slade",Right,VS Right ChangeUp/Splitter,,9.42,1
LAT,"Smith, Jake",Right,VS Right Slider/Cutter,,63.5,1
LAT,"Smith, Jake",Right,VS Right Fastball,,79.25,1
LAT,"Smith, Jake",Right,VS Right Curveball,,27.37,2
LAT,"Smith, Jake",Right,VS Right ChangeUp/Splitter,,9.42,1
LAT,"LaRocca, Jake",Right,VS Right Slider/Cutter,,23.03,3
LAT,"LaRocca, Jake",Right,VS Right Sinker,,61.2,1
LAT,"Ballard, Michael",Right,VS Right Fastball,,35.02,3
LAT,"Ballard, Michael",Right,VS Right Slider/Cutter,,79.81,1
LAT,"Ballard, Michael",Right,VS Left Sinker,,43.13,7
LAT,"Ballard, Michael",Right,VS Left Fastball,,30.87,1
LAT,"Comeaux, Grant",Right,VS Right Slider/Cutter,,35.17,1
LAT,"Comeaux, Grant",Right,VS Right Fastball,,5.62,1
LAT,"Comeaux, Grant",Right,VS Left Fastball,,59.21,2
LAT,"Comeaux, Grant",Right,VS Left Slider/Cutter,,36.99,3
LAT,"Comeaux, Grant",Right,VS Left Sinker,,35.47,2
LAT,"Evans, Karson",Right,VS Right Fastball,,18.75,1
LAT,"Evans, Karson",Right,VS Left Fastball,,76.66,3
LAT,"Evans, Karson",Right,VS Left Slider/Cutter,,50.92,4
LAT,"Guinn, Hutson",Right,VS Right Slider/Cutter,,39.8,4
LAT,"Guinn, Hutson",Right,VS Right Fastball,,39.47,4
LAT,"Guinn, Hutson",Right,VS Right Sinker,,16.93,1
TRO_TRJ,"Myers, Kole",Left,VS Right Fastball,,64.07,10
TRO_TRJ,"Myers, Kole",Left,VS Right ChangeUp/Splitter,,69.73,2
TRO_TRJ,"Myers, Kole",Left,VS Right Slider/Cutter,,63.75,5
TRO_TRJ,"Myers, Kole",Left,VS Left Curveball,,51.2,2
TRO_TRJ,"Myers, Kole",Left,VS Left Fastball,,46.88,4
TRO_TRJ,"Whibbs, Donovan",Right,VS Right Fastball,,62.09,10
TRO_TRJ,"Whibbs, Donovan",Right,VS Right ChangeUp/Splitter,,50.71,4
TRO_TRJ,"Whibbs, Donovan",Right,VS Left Fastball,,65.31,3
TRO_TRJ,"Whibbs, Donovan",Right,VS Left Slider/Cutter,,62.48,1
TRO_TRJ,"Whibbs, Donovan",Right,VS Left Curveball,,98.49,1
TRO_TRJ,"Sullivan, William",Left,VS Right ChangeUp/Splitter,,46.96,3
TRO_TRJ,"Sullivan, William",Left,VS Right Slider/Cutter,,25.47,3
TRO_TRJ,"Sullivan, William",Left,VS Right Fastball,,38.36,3
TRO_TRJ,"Sullivan, William",Left,VS Left Curveball,,52.86,2
TRO_TRJ,"Sullivan, William",Left,VS Left Fastball,,64.91,1
TRO_TRJ,"Lewis, Shane",Left,VS Right Fastball,,52.85,19
TRO_TRJ,"Lewis, Shane",Left,VS Right ChangeUp/Splitter,,34.94,2
TRO_TRJ,"Lewis, Shane",Left,VS Right Slider/Cutter,,53.31,4
TRO_TRJ,"Bartolero, Caleb",Right,VS Right Slider/Cutter,,47.95,12
TRO_TRJ,"Bartolero, Caleb",Right,VS Right Fastball,,52.21,12
TRO_TRJ,"Mock, Kyle",Left,VS Right Curveball,,32.99,1
TRO_TRJ,"Mock, Kyle",Left,VS Right Fastball,,48.97,14
TRO_TRJ,"Mock, Kyle",Left,VS Right Slider/Cutter,,42.9,8
TRO_TRJ,"Kavanaugh, Ethan",Right,VS Right Fastball,,54.1,17
TRO_TRJ,"Kavanaugh, Ethan",Right,VS Right Slider/Cutter,,84.95,2
TRO_TRJ,"Kavanaugh, Ethan",Right,VS Right Curveball,,96.04,1
TRO_TRJ,"Cobb Jr., Tremayne",Right,VS Right Fastball,,18.25,7
TRO_TRJ,"Cobb Jr., Tremayne",Right,VS Right Slider/Cutter,,39.58,4
TRO_TRJ,"Cobb Jr., Tremayne",Right,VS Right Curveball,,61.13,1
TRO_TRJ,"Stearns, Clay",Right,VS Right Slider/Cutter,,51.66,7
TRO_TRJ,"Stearns, Clay",Right,VS Right Fastball,,48.87,11
TRO_TRJ,"Stearns, Clay",Right,VS Right Curveball,,47.06,2
TRO_TRJ,,Undefined,VS Undefined Slider/Cutter,,100,1
AUB_TIG,"Herberholz, Christian",Right,VS Left Fastball,,58.36,8
AUB_TIG,"Herberholz, Christian",Right,VS Left Slider/Cutter,,93.11,2
AUB_TIG,"Herberholz, Christian",Right,VS Left Curveball,,39.76,2
AUB_TIG,Maddy,Right,VS Left Fastball,,99.51,3
